{"schema": {"fields":[{"name":"index","type":"integer"},{"name":"PostalCode","type":"string"},{"name":"Borough","type":"string"},{"name":"Neighbourhood","type":"string"},{"name":"Latitude","type":"number"},{"name":"Longitude","type":"number"}],"primaryKey":["index"],"pandas_version":"0.20.0"}, "data": [{"index":0,"PostalCode":"M5H","Borough":"DowntownToronto","Neighbourhood":"Adelaide,King,Richmond","Latitude":43.6505712,"Longitude":-79.3845675},{"index":1,"PostalCode":"M1S","Borough":"Scarborough","Neighbourhood":"Agincourt","Latitude":43.7942003,"Longitude":-79.2620294},{"index":2,"PostalCode":"M1V","Borough":"Scarborough","Neighbourhood":"Agincourt North,L'Amoreaux East,Milliken,Steeles East","Latitude":43.8152522,"Longitude":-79.2845772},{"index":3,"PostalCode":"M9V","Borough":"Etobicoke","Neighbourhood":"Albion Gardens,Beaumond Heights,Humbergate,Jamestown,Mount Olive,Silverstone,South Steeles,Thistletown","Latitude":43.7394164,"Longitude":-79.5884369},{"index":4,"PostalCode":"M8W","Borough":"Etobicoke","Neighbourhood":"Alderwood,Long Branch","Latitude":43.6024137,"Longitude":-79.5434841},{"index":5,"PostalCode":"M3H","Borough":"NorthYork","Neighbourhood":"Bathurst Manor,Downsview North,Wilson Heights","Latitude":43.7543283,"Longitude":-79.4422593},{"index":6,"PostalCode":"M2K","Borough":"NorthYork","Neighbourhood":"Bayview Village","Latitude":43.7869473,"Longitude":-79.385975},{"index":7,"PostalCode":"M5M","Borough":"NorthYork","Neighbourhood":"Bedford Park,Lawrence Manor East","Latitude":43.7332825,"Longitude":-79.4197497},{"index":8,"PostalCode":"M5E","Borough":"DowntownToronto","Neighbourhood":"Berczy Park","Latitude":43.6447708,"Longitude":-79.3733064},{"index":9,"PostalCode":"M1N","Borough":"Scarborough","Neighbourhood":"Birch Cliff,Cliffside West","Latitude":43.692657,"Longitude":-79.2648481},{"index":10,"PostalCode":"M9C","Borough":"Etobicoke","Neighbourhood":"Bloordale Gardens,Eringate,Markland Wood,Old Burnhamthorpe","Latitude":43.6435152,"Longitude":-79.5772008},{"index":11,"PostalCode":"M6K","Borough":"WestToronto","Neighbourhood":"Brockton,Exhibition Place,Parkdale Village","Latitude":43.6368472,"Longitude":-79.4281914},{"index":12,"PostalCode":"M7Y","Borough":"EastToronto","Neighbourhood":"Business Reply Mail Processing Centre 969 Eastern","Latitude":43.6627439,"Longitude":-79.321558},{"index":13,"PostalCode":"M3K","Borough":"NorthYork","Neighbourhood":"CFB Toronto,Downsview East","Latitude":43.7374732,"Longitude":-79.4647633},{"index":14,"PostalCode":"M5V","Borough":"DowntownToronto","Neighbourhood":"CN Tower,Bathurst Quay,Island airport,Harbourfront West,King and Spadina,Railway Lands,South Niagara","Latitude":43.6289467,"Longitude":-79.3944199},{"index":15,"PostalCode":"M4X","Borough":"DowntownToronto","Neighbourhood":"Cabbagetown,St. James Town","Latitude":43.667967,"Longitude":-79.3676753},{"index":16,"PostalCode":"M6E","Borough":"York","Neighbourhood":"Caledonia-Fairbanks","Latitude":43.6890256,"Longitude":-79.453512},{"index":17,"PostalCode":"M7R","Borough":"Mississauga","Neighbourhood":"Canada Post Gateway Processing Centre","Latitude":43.6369656,"Longitude":-79.615819},{"index":18,"PostalCode":"M1H","Borough":"Scarborough","Neighbourhood":"Cedarbrae","Latitude":43.773136,"Longitude":-79.2394761},{"index":19,"PostalCode":"M5G","Borough":"DowntownToronto","Neighbourhood":"Central Bay Street","Latitude":43.6579524,"Longitude":-79.3873826},{"index":20,"PostalCode":"M5T","Borough":"DowntownToronto","Neighbourhood":"Chinatown,Grange Park,Kensington Market","Latitude":43.6532057,"Longitude":-79.4000493},{"index":21,"PostalCode":"M6G","Borough":"DowntownToronto","Neighbourhood":"Christie","Latitude":43.669542,"Longitude":-79.4225637},{"index":22,"PostalCode":"M4Y","Borough":"DowntownToronto","Neighbourhood":"Church and Wellesley","Latitude":43.6658599,"Longitude":-79.3831599},{"index":23,"PostalCode":"M1L","Borough":"Scarborough","Neighbourhood":"Clairlea,Golden Mile,Oakridge","Latitude":43.7111117,"Longitude":-79.2845772},{"index":24,"PostalCode":"M1T","Borough":"Scarborough","Neighbourhood":"Clarks Corners,Sullivan,Tam O'Shanter","Latitude":43.7816375,"Longitude":-79.3043021},{"index":25,"PostalCode":"M1M","Borough":"Scarborough","Neighbourhood":"Cliffcrest,Cliffside,Scarborough Village West","Latitude":43.716316,"Longitude":-79.2394761},{"index":26,"PostalCode":"M9B","Borough":"Etobicoke","Neighbourhood":"Cloverdale,Islington,Martin Grove,Princess Gardens,West Deane Park","Latitude":43.6509432,"Longitude":-79.5547244},{"index":27,"PostalCode":"M5L","Borough":"DowntownToronto","Neighbourhood":"Commerce Court,Victoria Hotel","Latitude":43.6481985,"Longitude":-79.3798169},{"index":28,"PostalCode":"M4S","Borough":"CentralToronto","Neighbourhood":"Davisville","Latitude":43.7043244,"Longitude":-79.3887901},{"index":29,"PostalCode":"M4P","Borough":"CentralToronto","Neighbourhood":"Davisville North","Latitude":43.7127511,"Longitude":-79.3901975},{"index":30,"PostalCode":"M4V","Borough":"CentralToronto","Neighbourhood":"Deer Park,Forest Hill SE,Rathnelly,South Hill,Summerhill West","Latitude":43.6864123,"Longitude":-79.4000493},{"index":31,"PostalCode":"M6M","Borough":"York","Neighbourhood":"Del Ray,Keelesdale,Mount Dennis,Silverthorn","Latitude":43.6911158,"Longitude":-79.4760133},{"index":32,"PostalCode":"M5K","Borough":"DowntownToronto","Neighbourhood":"Design Exchange,Toronto Dominion Centre","Latitude":43.6471768,"Longitude":-79.3815764},{"index":33,"PostalCode":"M3B","Borough":"NorthYork","Neighbourhood":"Don Mills North","Latitude":43.7459058,"Longitude":-79.352188},{"index":34,"PostalCode":"M1P","Borough":"Scarborough","Neighbourhood":"Dorset Park,Scarborough Town Centre,Wexford Heights","Latitude":43.7574096,"Longitude":-79.273304},{"index":35,"PostalCode":"M6H","Borough":"WestToronto","Neighbourhood":"Dovercourt Village,Dufferin","Latitude":43.6690051,"Longitude":-79.4422593},{"index":36,"PostalCode":"M3M","Borough":"NorthYork","Neighbourhood":"Downsview Central","Latitude":43.7284964,"Longitude":-79.4956974},{"index":37,"PostalCode":"M3N","Borough":"NorthYork","Neighbourhood":"Downsview Northwest","Latitude":43.7616313,"Longitude":-79.5209994},{"index":38,"PostalCode":"M3L","Borough":"NorthYork","Neighbourhood":"Downsview West","Latitude":43.7390146,"Longitude":-79.5069436},{"index":39,"PostalCode":"M6L","Borough":"NorthYork","Neighbourhood":"Downsview,North Park,Upwood Park","Latitude":43.7137562,"Longitude":-79.4900738},{"index":40,"PostalCode":"M1K","Borough":"Scarborough","Neighbourhood":"East Birchmount Park,Ionview,Kennedy Park","Latitude":43.7279292,"Longitude":-79.2620294},{"index":41,"PostalCode":"M4J","Borough":"EastYork","Neighbourhood":"East Toronto","Latitude":43.685347,"Longitude":-79.3381065},{"index":42,"PostalCode":"M9M","Borough":"NorthYork","Neighbourhood":"Emery,Humberlea","Latitude":43.7247659,"Longitude":-79.5322424},{"index":43,"PostalCode":"M2J","Borough":"NorthYork","Neighbourhood":"Fairview,Henry Farm,Oriole","Latitude":43.7785175,"Longitude":-79.3465557},{"index":44,"PostalCode":"M5X","Borough":"DowntownToronto","Neighbourhood":"First Canadian Place,Underground city","Latitude":43.6484292,"Longitude":-79.3822802},{"index":45,"PostalCode":"M3C","Borough":"NorthYork","Neighbourhood":"Flemingdon Park,Don Mills South","Latitude":43.7258997,"Longitude":-79.340923},{"index":46,"PostalCode":"M5P","Borough":"CentralToronto","Neighbourhood":"Forest Hill North,Forest Hill West","Latitude":43.6969476,"Longitude":-79.4113072},{"index":47,"PostalCode":"M6B","Borough":"NorthYork","Neighbourhood":"Glencairn","Latitude":43.709577,"Longitude":-79.4450726},{"index":48,"PostalCode":"M1E","Borough":"Scarborough","Neighbourhood":"Guildwood,Morningside,West Hill","Latitude":43.7635726,"Longitude":-79.1887115},{"index":49,"PostalCode":"M5S","Borough":"DowntownToronto","Neighbourhood":"Harbord,University of Toronto","Latitude":43.6626956,"Longitude":-79.4000493},{"index":50,"PostalCode":"M5J","Borough":"DowntownToronto","Neighbourhood":"Harbourfront East,Toronto Islands,Union Station","Latitude":43.6408157,"Longitude":-79.3817523},{"index":51,"PostalCode":"M5A","Borough":"DowntownToronto","Neighbourhood":"Harbourfront,Regent Park","Latitude":43.6542599,"Longitude":-79.3606359},{"index":52,"PostalCode":"M6P","Borough":"WestToronto","Neighbourhood":"High Park,The Junction South","Latitude":43.6616083,"Longitude":-79.4647633},{"index":53,"PostalCode":"M1C","Borough":"Scarborough","Neighbourhood":"Highland Creek,Rouge Hill,Port Union","Latitude":43.7845351,"Longitude":-79.1604971},{"index":54,"PostalCode":"M2H","Borough":"NorthYork","Neighbourhood":"Hillcrest Village","Latitude":43.8037622,"Longitude":-79.3634517},{"index":55,"PostalCode":"M8V","Borough":"Etobicoke","Neighbourhood":"Humber Bay Shores,Mimico South,New Toronto","Latitude":43.6056466,"Longitude":-79.5013207},{"index":56,"PostalCode":"M8Y","Borough":"Etobicoke","Neighbourhood":"Humber Bay,King's Mill Park,Kingsway Park South East,Mimico NE,Old Mill South,The Queensway East,Royal York South East,Sunnylea","Latitude":43.6362579,"Longitude":-79.4985091},{"index":57,"PostalCode":"M9L","Borough":"NorthYork","Neighbourhood":"Humber Summit","Latitude":43.7563033,"Longitude":-79.5659633},{"index":58,"PostalCode":"M6C","Borough":"York","Neighbourhood":"Humewood-Cedarvale","Latitude":43.6937813,"Longitude":-79.4281914},{"index":59,"PostalCode":"M9A","Borough":"Etobicoke","Neighbourhood":"Islington Avenue","Latitude":43.6678556,"Longitude":-79.5322424},{"index":60,"PostalCode":"M9R","Borough":"Etobicoke","Neighbourhood":"Kingsview Village,Martin Grove Gardens,Richview Gardens,St. Phillips","Latitude":43.6889054,"Longitude":-79.5547244},{"index":61,"PostalCode":"M8Z","Borough":"Etobicoke","Neighbourhood":"Kingsway Park South West,Mimico NW,The Queensway West,Royal York South West,South of Bloor","Latitude":43.6288408,"Longitude":-79.5209994},{"index":62,"PostalCode":"M1W","Borough":"Scarborough","Neighbourhood":"L'Amoreaux West","Latitude":43.7995252,"Longitude":-79.3183887},{"index":63,"PostalCode":"M6A","Borough":"NorthYork","Neighbourhood":"Lawrence Heights,Lawrence Manor","Latitude":43.718518,"Longitude":-79.4647633},{"index":64,"PostalCode":"M4N","Borough":"CentralToronto","Neighbourhood":"Lawrence Park","Latitude":43.7280205,"Longitude":-79.3887901},{"index":65,"PostalCode":"M4G","Borough":"EastYork","Neighbourhood":"Leaside","Latitude":43.7090604,"Longitude":-79.3634517},{"index":66,"PostalCode":"M6J","Borough":"WestToronto","Neighbourhood":"Little Portugal,Trinity","Latitude":43.6479267,"Longitude":-79.4197497},{"index":67,"PostalCode":"M1R","Borough":"Scarborough","Neighbourhood":"Maryvale,Wexford","Latitude":43.7500715,"Longitude":-79.2958491},{"index":68,"PostalCode":"M4T","Borough":"CentralToronto","Neighbourhood":"Moore Park,Summerhill East","Latitude":43.6895743,"Longitude":-79.3831599},{"index":69,"PostalCode":"M2M","Borough":"NorthYork","Neighbourhood":"Newtonbrook,Willowdale","Latitude":43.789053,"Longitude":-79.4084928},{"index":70,"PostalCode":"M4R","Borough":"CentralToronto","Neighbourhood":"North Toronto West","Latitude":43.7153834,"Longitude":-79.4056784},{"index":71,"PostalCode":"M9W","Borough":"Etobicoke","Neighbourhood":"Northwest","Latitude":43.7067483,"Longitude":-79.5940544},{"index":72,"PostalCode":"M3J","Borough":"NorthYork","Neighbourhood":"Northwood Park,York University","Latitude":43.7679803,"Longitude":-79.4872619},{"index":73,"PostalCode":"M6R","Borough":"WestToronto","Neighbourhood":"Parkdale,Roncesvalles","Latitude":43.6489597,"Longitude":-79.456325},{"index":74,"PostalCode":"M3A","Borough":"NorthYork","Neighbourhood":"Parkwoods","Latitude":43.7532586,"Longitude":-79.3296565},{"index":75,"PostalCode":"M7A","Borough":"Queen'sPark","Neighbourhood":"Queen's Park","Latitude":43.6623015,"Longitude":-79.3894938},{"index":76,"PostalCode":"M4W","Borough":"DowntownToronto","Neighbourhood":"Rosedale","Latitude":43.6795626,"Longitude":-79.3775294},{"index":77,"PostalCode":"M5N","Borough":"CentralToronto","Neighbourhood":"Roselawn","Latitude":43.7116948,"Longitude":-79.4169356},{"index":78,"PostalCode":"M1B","Borough":"Scarborough","Neighbourhood":"Rouge,Malvern","Latitude":43.8066863,"Longitude":-79.1943534},{"index":79,"PostalCode":"M6S","Borough":"WestToronto","Neighbourhood":"Runnymede,Swansea","Latitude":43.6515706,"Longitude":-79.4844499},{"index":80,"PostalCode":"M5B","Borough":"DowntownToronto","Neighbourhood":"Ryerson,Garden District","Latitude":43.6571618,"Longitude":-79.3789371},{"index":81,"PostalCode":"M1J","Borough":"Scarborough","Neighbourhood":"Scarborough Village","Latitude":43.7447342,"Longitude":-79.2394761},{"index":82,"PostalCode":"M2L","Borough":"NorthYork","Neighbourhood":"Silver Hills,York Mills","Latitude":43.7574902,"Longitude":-79.3747141},{"index":83,"PostalCode":"M5C","Borough":"DowntownToronto","Neighbourhood":"St. James Town","Latitude":43.6514939,"Longitude":-79.3754179},{"index":84,"PostalCode":"M5W","Borough":"DowntownToronto","Neighbourhood":"Stn A PO Boxes 25 The Esplanade","Latitude":43.6464352,"Longitude":-79.374846},{"index":85,"PostalCode":"M4M","Borough":"EastToronto","Neighbourhood":"Studio District","Latitude":43.6595255,"Longitude":-79.340923},{"index":86,"PostalCode":"M5R","Borough":"CentralToronto","Neighbourhood":"The Annex,North Midtown,Yorkville","Latitude":43.6727097,"Longitude":-79.4056784},{"index":87,"PostalCode":"M4E","Borough":"EastToronto","Neighbourhood":"The Beaches","Latitude":43.6763574,"Longitude":-79.2930312},{"index":88,"PostalCode":"M4L","Borough":"EastToronto","Neighbourhood":"The Beaches West,India Bazaar","Latitude":43.6689985,"Longitude":-79.3155716},{"index":89,"PostalCode":"M4K","Borough":"EastToronto","Neighbourhood":"The Danforth West,Riverdale","Latitude":43.6795571,"Longitude":-79.352188},{"index":90,"PostalCode":"M6N","Borough":"York","Neighbourhood":"The Junction North,Runnymede","Latitude":43.6731853,"Longitude":-79.4872619},{"index":91,"PostalCode":"M8X","Borough":"Etobicoke","Neighbourhood":"The Kingsway,Montgomery Road,Old Mill North","Latitude":43.6536536,"Longitude":-79.5069436},{"index":92,"PostalCode":"M4H","Borough":"EastYork","Neighbourhood":"Thorncliffe Park","Latitude":43.7053689,"Longitude":-79.3493719},{"index":93,"PostalCode":"M1X","Borough":"Scarborough","Neighbourhood":"Upper Rouge","Latitude":43.8361247,"Longitude":-79.2056361},{"index":94,"PostalCode":"M4A","Borough":"NorthYork","Neighbourhood":"Victoria Village","Latitude":43.7258823,"Longitude":-79.3155716},{"index":95,"PostalCode":"M9P","Borough":"Etobicoke","Neighbourhood":"Westmount","Latitude":43.696319,"Longitude":-79.5322424},{"index":96,"PostalCode":"M9N","Borough":"York","Neighbourhood":"Weston","Latitude":43.706876,"Longitude":-79.5181884},{"index":97,"PostalCode":"M2N","Borough":"NorthYork","Neighbourhood":"Willowdale South","Latitude":43.7701199,"Longitude":-79.4084928},{"index":98,"PostalCode":"M2R","Borough":"NorthYork","Neighbourhood":"Willowdale West","Latitude":43.7827364,"Longitude":-79.4422593},{"index":99,"PostalCode":"M1G","Borough":"Scarborough","Neighbourhood":"Woburn","Latitude":43.7709921,"Longitude":-79.2169174},{"index":100,"PostalCode":"M4B","Borough":"EastYork","Neighbourhood":"Woodbine Gardens,Parkview Hill","Latitude":43.7063972,"Longitude":-79.309937},{"index":101,"PostalCode":"M4C","Borough":"EastYork","Neighbourhood":"Woodbine Heights","Latitude":43.6953439,"Longitude":-79.3183887},{"index":102,"PostalCode":"M2P","Borough":"NorthYork","Neighbourhood":"York Mills West","Latitude":43.7527583,"Longitude":-79.4000493}]}